itype,source,value
mal_ssdeep,Malware Bazaar Database,24:EDv3D5nX10YJnELLVKOpiFz0yiEjDxpwkyVlK/u9ospkvyEFUC:8z5nl0YJE9hpgzziEp+S/r7v7
mal_md5,Malware Bazaar Database,f5f3109a74e086462eec28a66f6296c8a73b8f82
mal_md5,Malware Bazaar Database,4353cff687cc92c220a90be3c8fb06cb
mal_md5,Malware Bazaar Database,128e12888e60bbc77cb498b733ea159710bdbf518d532621db856fe4d582fbbd
mal_ssdeep,Malware Bazaar Database,24:EDv3D5nX10YJnELUPDVKOpiFMpwkyVlK/u9ospkvyEFUC:8z5nl0YJE4hpgM+S/r7v7
mal_md5,Malware Bazaar Database,f2766170575b017fe801c4c98d58dfa1baf0818b
mal_md5,Malware Bazaar Database,78d392dbb4dacec38ea4f6efaeb62797
mal_md5,Malware Bazaar Database,8dfebd7977251503d34f06b75d8b76a518c6f07ef52e3724aed9c3d9158a662e
mal_ssdeep,Malware Bazaar Database,12288:py9sG8ih195+OeO+OeNhBBhhBBajWhKR81G9banL73KkHgkgrUid4X9FS45+9voL:py9sG8ih1Lmx73KkAY9F/wvoh3Xfyud
mal_md5,Malware Bazaar Database,41b53598bfc1bdb21e023b11a49bdab967203681
mal_md5,Malware Bazaar Database,2b986178da0c3d081f99ac8fb4a5952c
mal_md5,Malware Bazaar Database,a20bdb925e1f673b30da71c943e9dd460ee68e23b44fe00c8a1b09609804f105
mal_url,URLHaus,https://kiltone.top/stelin/Gosjeufon.cpl
mal_url,URLHaus,https://kiltone.top/stelin/rwcla.cpl
mal_md5,Mimecast Threat Intelligence - US Region,3a2e7b92b10147681eed9c9eb94fa9575c3b741edcf7acd486adfc2eed210157
mal_md5,Mimecast Threat Intelligence - US Region,69344c3e1c7a3645b7ea8f2d7abf96b716eabf435b7105ff1905b1cea3aabb4c
mal_url,URLHaus,http://87.120.115.240/Downloads/hermes-mini-kelly-20-epsom-cactus-silver-hardware-set-675x675.jpg.lnk
mal_md5,Mimecast Threat Intelligence - US Region,7563035406a84d61f42dac126a79146810d85bb673bb86095a66469ed1f642e8
mal_md5,Mimecast Threat Intelligence - ZA Region,d98b7259a8d4dbd39beb49e55a193139a9dc3b3c80fe8238ebbeebabd1093cb9
mal_md5,Mimecast Threat Intelligence - US Region,4c67c3145eb57a1e732f0845366897fdd9c25c4a3e8b62624bd092aaf91225a4
mal_md5,Mimecast Threat Intelligence - US Region,4f9e27e7f46781c758da16e7283120533c9c67105383f348a092a591ec06df9a
mal_md5,Mimecast Threat Intelligence - US Region,194c5e66121e04d25f3653224bd5aa8861a7bc30e6c9399a5c2b683062b51120
mal_md5,Mimecast Threat Intelligence - US Region,9db3ba6a575ee584e14d8516588c3b8f3a687f151fea5e68731b7e471dc96004